Observed,Predicted
1.0,1.0833333333333333
2.0,1.8333333333333335
2.5,2.5833333333333335
