Shape,Rank,Determinant,Condition Number
"(2, 2)",2,10.000000000000002,10.403882032022077
