Confidence_Level,CI_Low,CI_High
0.9,69.2737459716032,75.7262540283968
0.95,68.61657617771576,76.38342382228424
0.99,67.26625291301772,77.73374708698228
