Confidence_Level,CI_Low,CI_High
90%,69.39783266500308,75.60216733499692
95%,68.765938632419,76.234061367581
99%,67.46755087790166,77.53244912209834
