Metric,Value
SEM,1.898771532684576
CI_low,68.61657617771576
CI_high,76.38342382228424
Z_CI_low,69.1005311269374
Z_CI_high,75.8994688730626
T-statistic,1.3166407632335724
p-value,0.1982700761007108
Margin_of_Error,3.8834238222842403
