,Mean,Median,Std Dev,Min,Max,Variance,Std Error
normal,50.193320558223256,50.25300612234888,9.792159381796758,17.587326599309275,88.5273149065472,95.88638535851025,0.30965526857864095
skewed,71.81469346661764,69.7485868580369,9.204097359702311,56.88589351078717,108.65644719819544,84.71540820687905,0.29105911462601386
