Statistic,True_Value,CI_Lower,CI_Upper
Mean,99.38843552241873,97.37163828727094,101.35486142344857
Median,99.93712173928395,96.70492168243732,102.6186671924776
Std Dev,13.965058728105022,12.572039268508137,15.176240398755299
