,mean,std,ci_lower,ci_upper
Mean,99.37566278600323,0.9987928900414598,97.37163828727094,101.35486142344857
Median,99.96049784931031,1.4173107693129454,96.70492168243732,102.6186671924776
