KS_stat,KS_p,AD_stat,Shapiro_p,Distribution
0.0916034771818548,9.417041892661051e-08,19.54290548558629,1.3134427454062393e-24,Normal
0.015182407951401578,0.972606276185173,19.54290548558629,1.3134427454062393e-24,Gamma
0.026984538702855554,0.4524290727576058,19.54290548558629,1.3134427454062393e-24,LogNorm
