,Mean (or Count),Std Dev
Original,3.932,1.97666142289506
Bootstrap,4.158,1.962915179013092
Uniform,100.0,
Weighted,200.0,
