normal,skewed
54.96714153011233,79.87841928545213
48.61735698828815,73.58497134922305
56.47688538100692,59.70728559856095
65.23029856408026,70.11554206569208
47.65846625276664,67.59504693543845
