t_stat,p_value
0.6243089585093229,0.5325672436623001
