t_stat,p_value
-14.888383187332657,1.9895950475410256e-45
