Model,Parameters
Exponential,"[1.9885231743739498, -0.509518662603195, 0.010726658284320815]"
Gaussian,"[6.52545640898107e-18, 1.8163544739990114, 1.5492424391797988]"
