Technique,RMSE,R2_Score
Linear Interpolation,0.0,
Cubic Interpolation,7.675976600100266e-17,
Spline Interpolation,1.4321715647129733e-16,
Exponential Fit,0.04685338459277566,0.9915786327108392
Gaussian Fit,0.04700061265061731,0.991525624392296
Weighted Exponential Fit,0.1477257627872916,0.9162830970435346
Polynomial Fit,0.18955695111054588,0.8621584649902301
