Method,RMSE
Linear,0.0
Cubic,7.675976600100266e-17
Spline,1.4321715647129733e-16
